post_id;title;content;created_at
1;aïe adepte;convenir pourvoir nonobstant;2024-11-08T16:43:44
2;lire chef choir;fleurir de peur de;2024-11-08T17:25:05
3;ralentir camarade;étrangler;2024-11-08T20:09:35
4;à bas de cot cot souvent;fusiller tousser;2024-11-08T22:03:01
5;à l'instar de d’autant que;multiple;2024-11-08T10:26:32
6;au point que tant;afin de commis;2024-11-08T01:04:57
7;que derechef;raide prestataire de services;2024-11-08T09:32:19
8;en dépit de désigner inscrire;de peur de de façon à ce que;2024-11-08T02:25:18
9;de crainte que sincère bof;coin-coin;2024-11-08T19:23:37
10;prolonger innombrable;habile comme;2024-11-08T20:16:57
